log10,average-count
1,1.0
2,1.7346938775510203
3,3.2615230460921842
4,6.532206441288258
5,14.406058121162424
6,34.56121412242825
7,88.01060470212094
8,233.32740127654802