log10,average-time
1,0.0
2,0.012881901799416055
3,0.04584206368975745
4,0.09622407403080958
5,0.21080149252673774
6,0.41119618496027155